Product Code / Kode Barang;Harga Jual
8.00691.0250;2300000
8.22343.0100;140000
1.00063.1000;245700
1.00063.2511;3450000
1.00063.2500;109000
1.00030.4000;239000
1.11109.0001;1239000
1.11117.0001;2370000
